USE `greendae2` ;
SET FOREIGN_KEY_CHECKS = 1; 
/* 대학 데이터 삽입 || 대학명, 대학영문명, 대학 소개 제목, 대학 소개 내용, 소개 이미지 */
SELECT * FROM college;
DELETE FROM college WHERE college = " ";
INSERT INTO college (COLLEGE, COLLEGE_ENG_NAME, INTRO_TITLE, INTRO_CONTENT)
	VALUES ("인문사회대학", "HUMANITIES AND SOCIAL SCIENCES", "인문대 짱짱", "인문대는 못하는 게 뭘까"),
			("자연과학대학","NUATURAL SCIENCES","자연대 짱짱","문과가 더 좋습니다"),
            ("공과대학", "ENGINEERING", "공공공대대대", "NOT FOUND 404"),
            ("사범대학", "EDUCATION", "미래를 움직이는 사범대", "NOT FOUND 404"),
            ("대학원", "GRADUATE SCHOOL", "죄지은 학부생의 말로", "그 날 발표하지 말았어야 했다.");

/* 학과 데이터 삽입 || 학과번호, 단과대학, 학과명, 영문명, 설립연도, 학과장, 학과 연락처, 학과 사무실*/
/* 학과장은 나중에 MODIFY로 추가할 것임(FK와 생성순서 문제) */
/* 자료없음 생략 컬럼: 학과 사무실 */
SELECT * FROM department;
DELETE FROM department WHERE department_id = "2";
 /* 시퀀스 포함 초기화*/
 TRUNCATE TABLE department;

INSERT INTO department (college, department_name, department_eng_name, founded_year, contact_phone)
	VALUES ("인문사회대학", "국어국문학과", "KOR", "2025", "051-123-1001"),
			("인문사회대학", "영어영문학과", "ENG", "2025", "051-123-1002"),
            ("인문사회대학", "일어일문학과", "JAP", "2025", "051-123-1003"),
            ("인문사회대학", "중어중문학과", "CHI", "2025", "051-123-1004"),
            ("인문사회대학", "역사학과", "HIS", "2025", "051-123-1005"),
            ("인문사회대학", "경제학과", "ECO", "2025", "051-123-1006"),
            ("인문사회대학", "법학과", "ROW", "2025", "051-123-1007"),
            ("인문사회대학", "철학과", "DEM", "2025", "051-123-1008"),
            ("인문사회대학", "정치외교학과", "POL", "2025", "051-123-1009"),
            ("인문사회대학", "행정학과", "ADM", "2025", "051-123-1010"),
            ("인문사회대학", "사회복지학과", "SOC", "2025", "051-123-1011"),
            ("인문사회대학", "유아교육학과", "EDU", "2025", "051-123-1012"),
			("자연과학대학", "수학과", "AAA", "2025", "051-123-2001"),
			("자연과학대학", "물리학과", "BBB", "2025", "051-123-2002"),
            ("자연과학대학", "화학과", "CCC", "2025", "051-123-2003"),
            ("자연과학대학", "천문학과", "DDD", "2025", "051-123-2004"),
            ("자연과학대학", "지구과학학과", "EEE", "2025", "051-123-2005"),
            ("자연과학대학", "생명과학과", "FFF", "2025", "051-123-2006"),
            ("자연과학대학", "미생물학과", "GGG", "2025", "051-123-2007"),
            ("자연과학대학", "해양학과", "HHH", "2025", "051-123-2008"),
            ("공과대학", "기계공학과", "AAA", "2025", "051-123-3001"),
			("공과대학", "전자공학과", "BBB", "2025", "051-123-3002"),
            ("공과대학", "전기공학과", "CCC", "2025", "051-123-3003"),
            ("공과대학", "컴퓨터공학과", "DDD", "2025", "051-123-3004"),
            ("공과대학", "건축공학과", "EEE", "2025", "051-123-3005"),
            ("공과대학", "재료공학과", "FFF", "2025", "051-123-3006"),
            ("공과대학", "화학공학과", "GGG", "2025", "051-123-3007"),
            ("사범대학", "국어교육학과", "AAA", "2025", "051-123-4001"),
			("사범대학", "영어교육학과", "BBB", "2025", "051-123-4002"),
            ("사범대학", "수학교육학과", "CCC", "2025", "051-123-4003"),
            ("사범대학", "윤리학과", "DDD", "2025", "051-123-4004"),
            ("사범대학", "교육학과", "EEE", "2025", "051-123-4005"),
            ("사범대학", "사회교육과", "FFF", "2025", "051-123-4006"),
            ("사범대학", "역사교육과", "GG", "2025", "051-123-4007"),
            ("사범대학", "체육교육과", "HH", "2025", "051-123-4008"),
            ("사범대학", "특수교육과", "II", "2025", "051-123-4009"),
            ("대학원", "경영대학원", "AA", "2025", "051-123-5001"),
			("대학원", "경제대학원", "BB", "2025", "051-123-5002"),
            ("대학원", "행정대학원", "CC", "2025", "051-123-5003"),
            ("대학원", "교육대학원", "DD", "2025", "051-123-5004"),
            ("대학원", "산업대학원", "EE", "2025", "051-123-5005");    



/* 교수 데이터 삽입  */
/*교수번호
주민등록번호, 이름, 영문명, 성별, 국적, 
휴대폰, 이메일, 우편번호, 기본주소, 상세주소, 졸업대학, 학문 분야, 
졸업일, 학위, 담당대학, 담당학과, 임용일, 상태*/

SELECT * FROM professor;
DELETE FROM professor WHERE p_id = " ";
 /* 시퀀스 포함 초기화*/
 TRUNCATE TABLE professor;
 

INSERT INTO professor (
    id_num, name, e_name, gender, country, phone,
    email, postal_code, addr, detail_addr, graduated_university, academic_field,
    graduation_date, degree, college_in_charge, department, hire_date, p_status
) VALUES
('900103-1234567', '홍길동', 'HONG', '남', '한국', '010-1234-5678', 'aaa@naver.com', '12345', '부산시 중앙대로 123', '범향빌딩 4F', '그린대', '컴공', '2020-01-01', '정교수', '인문사회대학', '1', '2025-01-01', "재직중"),
('900103-1234568', '김철수', 'KIM', '남', '한국', '010-2345-6789', 'bbb@naver.com', '12346', '서울시 강남구', 'ABC빌딩', '그린대', '컴공', '2020-01-02', '정교수', '인문사회대학', '2', '2025-01-02', "재직중"),
('900103-1234569', '이영희', 'LEE', '여', '한국', '010-3456-7890', 'ccc@naver.com', '12347', '부산시 해운대구', 'XYZ빌딩', '그린대', '컴공', '2020-01-03', '부교수', '인문사회대학', '3', '2025-01-03', "휴직"),
('900103-1234570', '박민지', 'PARK', '여', '한국', '010-4567-8901', 'ddd@naver.com', '12348', '대구시 달서구', 'DEF빌딩', '그린대', '컴공', '2020-01-04', '부교수', '인문사회대학', '4', '2025-01-04', "퇴직"),
('900103-1234571', '최준호', 'CHOI', '남', '한국', '010-5678-9012', 'eee@naver.com', '12349', '울산시 남구', 'GHI빌딩', '그린대', '컴공', '2020-01-05', '조교수', '인문사회대학', '5', '2025-01-05', "퇴직"),
('900103-1234572', '한아름', 'HAN', '여', '한국', '010-6789-0123', 'fff@naver.com', '12350', '광주시 서구', 'JKL빌딩', '그린대', '컴공', '2020-01-06', '조교수', '인문사회대학', '6', '2025-01-06', "재직중"),
('900103-1234573', '윤서준', 'YUN', '남', '한국', '010-7890-1234', 'ggg@naver.com', '12351', '대전시 유성구', 'MNO빌딩', '그린대', '컴공', '2020-01-07', '정교수', '인문사회대학', '7', '2025-01-07', "재직중"),
('900103-1234574', '서지우', 'SEO', '여', '한국', '010-8901-2345', 'hhh@naver.com', '12352', '인천시 남동구', 'PQR빌딩', '그린대', '컴공', '2020-01-08', '정교수', '인문사회대학', '8', '2025-01-08', "재직중"),
('900103-1234575', '강도현', 'KANG', '남', '한국', '010-9012-3456', 'iii@naver.com', '12353', '수원시 팔달구', 'STU빌딩', '그린대', '컴공', '2020-01-09', '부교수', '인문사회대학', '9', '2025-01-09', "퇴직"),
('900103-1234576', '신재이', 'SHIN', '여', '한국', '010-0123-4567', 'jjj@naver.com', '12354', '성남시 분당구', 'VWX빌딩', '그린대', '컴공', '2020-01-10', '부교수', '인문사회대학', '10', '2025-01-10', "재직중"),
('900103-1234577', '오지훈', 'OH', '남', '한국', '010-1234-5678', 'kkk@naver.com', '12355', '용인시 수지구', 'YZA빌딩', '그린대', '컴공', '2020-01-11', '조교수', '인문사회대학', '11', '2025-01-11', "휴직"),
('900103-1234578', '전가람', 'JEON', '여', '한국', '010-2345-6789', 'lll@naver.com', '12356', '고양시 일산서구', 'BCD빌딩', '그린대', '컴공', '2020-01-12', '조교수', '인문사회대학', '12', '2025-01-12', "재직중"),
('900103-1234579', '황준서', 'HWANG', '남', '한국', '010-3456-7890', 'mmm@naver.com', '12357', '화성시 동탄', 'EFG빌딩', '그린대', '컴공', '2020-01-13', '정교수', '자연과학대학', '13', '2025-01-13', "재직중"),
('900103-1234580', '문소정', 'MOON', '여', '한국', '010-4567-8901', 'nnn@naver.com', '12358', '남양주시 별내', 'HIJ빌딩', '그린대', '컴공', '2020-01-14', '정교수', '자연과학대학', '14', '2025-01-14', "퇴직"),
('900103-1234581', '안재민', 'AHN', '남', '한국', '010-5678-9012', 'ooo@naver.com', '12359', '의정부시', 'KLM빌딩', '그린대', '컴공', '2020-01-15', '부교수', '자연과학대학', '15', '2025-01-15', "재직중"),
('900103-1234582', '구지윤', 'KOO', '여', '한국', '010-6789-0123', 'ppp@naver.com', '12360', '안양시 동안구', 'NOP빌딩', '그린대', '컴공', '2020-01-16', '부교수', '자연과학대학', '16', '2025-01-16', "재직중"),
('900103-1234583', '정성민', 'JEONG', '남', '한국', '010-7890-1234', 'qqq@naver.com', '12361', '평택시', 'QRS빌딩', '그린대', '컴공', '2020-01-17', '조교수', '자연과학대학', '17', '2025-01-17', "퇴직"),
('900103-1234584', '류다정', 'RYU', '여', '한국', '010-8901-2345', 'rrr@naver.com', '12362', '시흥시', 'TUV빌딩', '그린대', '컴공', '2020-01-18', '조교수', '자연과학대학', '18', '2025-01-18', "재직중"),
('900103-1234585', '배건우', 'BAE', '남', '한국', '010-9012-3456', 'sss@naver.com', '12363', '파주시', 'WXY빌딩', '그린대', '컴공', '2020-01-19', '정교수', '자연과학대학', '19', '2025-01-19', "재직중"),
('900103-1234586', '장서연', 'JANG', '여', '한국', '010-0123-4567', 'ttt@naver.com', '12364', '김포시', 'ZAB빌딩', '그린대', '컴공', '2020-01-20', '정교수', '자연과학대학', '20', '2025-01-20', "재직중"),
('900103-1234587', '김민재', 'KIM', '남', '한국', '010-1234-5678', 'uuu@naver.com', '12365', '용인시 기흥구', 'CDE빌딩', '그린대', '컴공', '2020-01-21', '부교수', '공과대학', '21', '2025-01-21', "재직중"),
('900103-1234588', '박서윤', 'PARK', '여', '한국', '010-2345-6789', 'vvv@naver.com', '12366', '구리시', 'FGH빌딩', '그린대', '컴공', '2020-01-22', '부교수', '공과대학', '22', '2025-01-22', "재직중"),
('900103-1234589', '이도윤', 'LEE', '남', '한국', '010-3456-7890', 'www@naver.com', '12367', '하남시', 'IJK빌딩', '그린대', '컴공', '2020-01-23', '조교수', '공과대학', '23', '2025-01-23', "퇴직"),
('900103-1234590', '정하은', 'JEONG', '여', '한국', '010-4567-8901', 'xxx@naver.com', '12368', '과천시', 'LMN빌딩', '그린대', '컴공', '2020-01-24', '조교수', '공과대학', '24', '2025-01-24', "휴직"),
('900103-1234591', '문승우', 'MOON', '남', '한국', '010-5678-9012', 'yyy@naver.com', '12369', '광명시', 'OPQ빌딩', '그린대', '컴공', '2020-01-25', '정교수', '공과대학', '25', '2025-01-25', "재직중"),
('900103-1234592', '최유진', 'CHOI', '여', '한국', '010-6789-0123', 'zzz@naver.com', '12370', '군포시', 'RST빌딩', '그린대', '컴공', '2020-01-26', '정교수', '공과대학', '26', '2025-01-26', "재직중"),
('900103-1234593', '김우진', 'KIM', '남', '한국', '010-7890-1234', 'aaaa@naver.com', '12371', '안산시 단원구', 'UVW빌딩', '그린대', '컴공', '2020-01-27', '부교수', '공과대학', '27', '2025-01-27', "휴직"),
('900103-1234594', '박지은', 'PARK', '여', '한국', '010-8901-2345', 'bbbb@naver.com', '12372', '의왕시', 'XYZ빌딩', '그린대', '컴공', '2020-01-28', '부교수', '사범대학', '28', '2025-01-28', "재직중"),
('900103-1234595', '이재훈', 'LEE', '남', '한국', '010-9012-3456', 'cccc@naver.com', '12373', '고양시 덕양구', 'ABA빌딩', '그린대', '컴공', '2020-01-29', '조교수', '사범대학', '29', '2025-01-29', "재직중"),
('900103-1234596', '정민서', 'JEONG', '여', '한국', '010-0123-4567', 'dddd@naver.com', '12374', '시흥시', 'BCB빌딩', '그린대', '컴공', '2020-01-30', '조교수', '사범대학', '30', '2025-01-30', "퇴직"),
('900103-1234597', '문현수', 'MOON', '남', '한국', '010-1234-5678', 'eeee@naver.com', '12375', '김포시', 'CDC빌딩', '그린대', '컴공', '2020-01-31', '정교수', '사범대학', '31', '2025-01-31', "재직중"),
('900103-1234598', '최은서', 'CHOI', '여', '한국', '010-2345-6789', 'ffff@naver.com', '12376', '파주시', 'EDE빌딩', '그린대', '컴공', '2020-02-01', '정교수', '사범대학', '32', '2025-02-01', "퇴직"),
('900103-1234599', '김민준', 'KIM', '남', '한국', '010-3456-7890', 'gggg@naver.com', '12377', '화성시', 'FGF빌딩', '그린대', '컴공', '2020-02-02', '부교수', '사범대학', '33', '2025-02-02', "재직중"),
('900103-1234600', '박시윤', 'PARK', '여', '한국', '010-4567-8901', 'hhhh@naver.com', '12378', '남양주시', 'GHG빌딩', '그린대', '컴공', '2020-02-03', '부교수', '사범대학', '34', '2025-02-03', "퇴직"),
('900103-1234601', '이서진', 'LEE', '남', '한국', '010-5678-9012', 'iiii@naver.com', '12379', '용인시', 'IJI빌딩', '그린대', '컴공', '2020-02-04', '조교수', '사범대학', '35', '2025-02-04', "재직중"),
('900103-1234602', '정수민', 'JEONG', '여', '한국', '010-6789-0123', 'jjjj@naver.com', '12380', '성남시', 'JKJ빌딩', '그린대', '컴공', '2020-02-05', '조교수', '사범대학', '36', '2025-02-05', "재직중"),
('900103-1234603', '문소연', 'MOON', '여', '한국', '010-7890-1234', 'kkkk@naver.com', '12381', '수원시', 'KLK빌딩', '그린대', '컴공', '2020-02-06', '정교수', '대학원', '37', '2025-02-06', "재직중"),
('900103-1234604', '최민준', 'CHOI', '남', '한국', '010-8901-2345', 'llll@naver.com', '12382', '안양시', 'LML빌딩', '그린대', '컴공', '2020-02-07', '정교수', '대학원', '38', '2025-02-07', "재직중"),
('900103-1234605', '김재민', 'KIM', '남', '한국', '010-9012-3456', 'mmmm@naver.com', '12383', '의정부시', 'MNM빌딩', '그린대', '컴공', '2020-02-08', '부교수', '대학원', '39', '2025-02-08', "재직중"),
('900103-1234606', '박은서', 'PARK', '여', '한국', '010-0123-4567', 'nnnn@naver.com', '12384', '고양시', 'NON빌딩', '그린대', '컴공', '2020-02-09', '부교수', '대학원', '40', '2025-02-09', "재직중"),
('900103-1234607', '이서준', 'LEE', '남', '한국', '010-1234-5678', 'oooo@naver.com', '12385', '광명시', 'OPO빌딩', '그린대', '컴공', '2020-02-10', '조교수', '대학원', '41', '2025-02-10', "재직중"),
			('900103-1234567', '홍길서', 'HONG', '남', '한국', '010-1234-5678', 'aaa@naver.com', '12345', '부산시 중앙대로 123', '범향빌딩 4F', '그린대', '컴공', '2020-01-01', '정교수', '인문사회대학', '1', '2025-01-01', "재직중"),
			('900103-1234567', '홍길남', 'HONG', '남', '한국', '010-1234-5678', 'aaa@naver.com', '12345', '부산시 중앙대로 123', '범향빌딩 4F', '그린대', '컴공', '2020-01-01', '정교수', '인문사회대학', '1', '2025-01-01', "재직중"),
			('900103-1234567', '홍길북', 'HONG', '남', '한국', '010-1234-5678', 'aaa@naver.com', '12345', '부산시 중앙대로 123', '범향빌딩 4F', '그린대', '컴공', '2020-01-01', '정교수', '인문사회대학', '1', '2025-01-01', "재직중"),
			('900103-1234567', '홍길동', 'HONG', '남', '한국', '010-1234-5678', 'aaa@naver.com', '12345', '부산시 중앙대로 123', '범향빌딩 4F', '그린대', '컴공', '2020-01-01', '정교수', '인문사회대학', '1', '2025-01-01', "휴직"),
			('900103-1234567', '홍길서', 'HONG', '남', '한국', '010-1234-5678', 'aaa@naver.com', '12345', '부산시 중앙대로 123', '범향빌딩 4F', '그린대', '컴공', '2020-01-01', '정교수', '인문사회대학', '1', '2025-01-01', "재직중"),
			('900103-1234567', '홍길남', 'HONG', '남', '한국', '010-1234-5678', 'aaa@naver.com', '12345', '부산시 중앙대로 123', '범향빌딩 4F', '그린대', '컴공', '2020-01-01', '정교수', '인문사회대학', '1', '2025-01-01', "재직중"),
			('900103-1234567', '홍길북', 'HONG', '남', '한국', '010-1234-5678', 'aaa@naver.com', '12345', '부산시 중앙대로 123', '범향빌딩 4F', '그린대', '컴공', '2020-01-01', '정교수', '인문사회대학', '1', '2025-01-01', "재직중"),
			('900103-1234567', '홍길서', 'HONG', '남', '한국', '010-1234-5678', 'aaa@naver.com', '12345', '부산시 중앙대로 123', '범향빌딩 4F', '그린대', '컴공', '2020-01-01', '정교수', '인문사회대학', '1', '2025-01-01', "퇴직"),
			('900103-1234567', '홍길남', 'HONG', '남', '한국', '010-1234-5678', 'aaa@naver.com', '12345', '부산시 중앙대로 123', '범향빌딩 4F', '그린대', '컴공', '2020-01-01', '정교수', '인문사회대학', '1', '2025-01-01', "재직중"),
			('900103-1234567', '홍길동', 'HONG', '남', '한국', '010-1234-5678', 'aaa@naver.com', '12345', '부산시 중앙대로 123', '범향빌딩 4F', '그린대', '컴공', '2020-01-01', '정교수', '인문사회대학', '1', '2025-01-01', "재직중");

/* 학생 데이터 삽입 */
/* 
학번(자동조합)
주민번호, 이름, 영문명, 성별, 국적, 휴대폰, 이메일, 
우편번호, 기본주소, 상세주소, 입학년도, 졸업년도, 입학구분, 
입학대학, 입학학과, 입학학년, 입학학기, 지도교수, 학적상태 */

SELECT * FROM student WHERE name = "%서아";
SELECT * FROM student WHERE name LIKE '%민철';
SELECT * FROM student;
SELECT * FROM professor;
DELETE FROM student WHERE name = "신서아";
 /* 시퀀스 포함 초기화*/
 TRUNCATE TABLE student;
 SET FOREIGN_KEY_CHECKS = 1;
 SELECT @@FOREIGN_KEY_CHECKS;
            
INSERT INTO student (
    id_num, name, e_name, gender, country, phone, email,
    postal_code, addr, detail_addr, admission_year, graduation_year, admission_type,
    college, department, admission_grade, admission_semester, advisor, s_status)
    VALUES
("901010-1234567", "김민철", "KIM", "남", "한국", "010-1234-5678", "aaa@naver.com", "12345", "부산시 중앙대로 123", "범향빌딩 10f", "2022-01-01", "2025-01-01", "수시", "인문사회대학", 1, 4, 1, 2025010001, "졸업"),
("901010-1234568", "이영희", "LEE", "여", "한국", "010-2345-6789", "bbb@naver.com", "12346", "서울시 강남구", "201호", "2022-01-01", "2024-01-01", "정시", "인문사회대학", 2, 2, 1, 2025020001, "재학중"),
("901010-1234569", "박철민", "PARK", "남", "한국", "010-3456-7890", "ccc@naver.com", "12347", "대구시 수성구", "302호", "2023-01-01", "2024-01-01", "수시", "인문사회대학", 3, 1, 1, 2025030001, "제적"),
("901010-1234570", "최민지", "CHOI", "여", "한국", "010-4567-8901", "ddd@naver.com", "12348", "인천시 서구", "401호", "2023-01-01", "2024-01-01", "정시", "인문사회대학", 4, 2, 1, 2025040001, "자퇴"),
("901010-1234571", "정수영", "JEONG", "남", "한국", "010-5678-9012", "eee@naver.com", "12349", "광주시 북구", "503호", "2024-01-01", "2024-01-01", "수시", "인문사회대학", 5, 3, 1, 2025050001, "휴학중"),
("901010-1234572", "한재민", "HAN", "남", "한국", "010-6789-0123", "fff@naver.com", "12350", "대전시 유성구", "604호", "2024-01-01", "2024-01-01", "정시", "인문사회대학", 6, 4, 2, 2025060001, "재학중"),
("901010-1234573", "윤지수", "YUN", "여", "한국", "010-7890-1234", "ggg@naver.com", "12351", "울산시 남구", "705호", "2025-01-01", "2024-01-01", "수시", "인문사회대학", 7, 1, 1, 2025070001, "재학중"),
("901010-1234574", "서준혁", "SEO", "남", "한국", "010-8901-2345", "hhh@naver.com", "12352", "세종시 아름동", "806호", "2025-01-01", "2024-01-01", "정시", "인문사회대학", 8, 1, 2, 2025080001, "졸업"),
("901010-1234575", "강하늘", "KANG", "여", "한국", "010-9012-3456", "iii@naver.com", "12353", "고양시 일산동구", "907호", "2022-01-01", "2024-01-01", "수시", "인문사회대학", 9, 1, 1, 2025090001, "재학중"),
("901010-1234576", "신서아", "SHIN", "여", "한국", "010-0123-4567", "jjj@naver.com", "12354", "용인시 수지구", "108호", "2022-02-02", "2024-01-01", "정시", "인문사회대학", 10, 2, 2, 2025100001, "휴학중"),
("901010-1234577", "오민석", "OH", "남", "한국", "010-1234-5678", "kkk@naver.com", "12355", "성남시 분당구", "119호", "2023-02-02", "2024-01-01", "수시", "인문사회대학", 11, 1, 2, 2025110001, "재학중"),
("901010-1234578", "전아민", "JEON", "여", "한국", "010-2345-6789", "lll@naver.com", "12356", "수원시 영통구", "120호", "2023-02-02", "2024-01-01", "정시", "인문사회대학", 12, 2, 1, 2025120001, "제적"),
("901010-1234579", "황성민", "HWANG", "남", "한국", "010-3456-7890", "mmm@naver.com", "12357", "화성시 동탄", "121호", "2024-02-02", "2024-01-01", "수시", "자연과학대학", 13, 1, 1, 2025130001, "재학중"),
("901010-1234580", "문지아", "MOON", "여", "한국", "010-4567-8901", "nnn@naver.com", "12358", "용인시 기흥구", "122호", "2024-02-02", "2024-01-01", "정시", "자연과학대학", 14, 2, 2, 2025140001, "졸업"),
("901010-1234581", "안지아", "AHN", "남", "한국", "010-5678-9012", "ooo@naver.com", "12359", "평택시", "123호", "2024-01-01", "2023-02-02", "수시", "자연과학대학", 15, 1, 1, 2025150001, "재학중"),
("901010-1234582", "구민정", "KOO", "여", "한국", "010-6789-0123", "ppp@naver.com", "12360", "의정부시", "124호", "2024-01-01", "2023-02-02", "정시", "자연과학대학", 16, 1, 2, 2025160001, "자퇴"),
("901010-1234583", "정윤호", "JEONG", "남", "한국", "010-7890-1234", "qqq@naver.com", "12361", "하남시", "125호", "2024-01-01", "2023-02-02", "수시", "자연과학대학", 17, 1, 2, 2025170001, "휴학중"),
("901010-1234584", "류서현", "RYU", "여", "한국", "010-8901-2345", "rrr@naver.com", "12362", "시흥시", "126호", "2024-01-01", "2023-02-02", "정시", "자연과학대학", 18, 2, 1, 2025180001, "재학중"),
("901010-1234585", "배서준", "BAE", "남", "한국", "010-9012-3456", "sss@naver.com", "12363", "파주시", "127호", "2024-01-01", "2023-02-02", "수시", "자연과학대학", 19, 4, 1, 2025190001, "재학중"),
("901010-1234586", "장서우", "JANG", "여", "한국", "010-0123-4567", "ttt@naver.com", "12364", "김포시", "128호", "2024-01-01", "2023-02-02", "정시", "자연과학대학", 20, 2, 1, 2025200001, "졸업"),
("901010-1234587", "김지훈", "KIM", "남", "한국", "010-1234-5678", "uuu@naver.com", "12365", "안산시 단원구", "129호", "2024-01-01", "2024-01-01", "수시", "공과대학", 21, 1, 1, 2025210001, "재학중"),
("901010-1234588", "박예진", "PARK", "여", "한국", "010-2345-6789", "vvv@naver.com", "12366", "군포시", "130호", "2024-01-01", "2023-02-02", "정시", "공과대학", 22, 2, 2, 2025220001, "재학중"),
("901010-1234589", "이주원", "LEE", "남", "한국", "010-3456-7890", "www@naver.com", "12367", "의왕시", "131호", "2024-01-01", "2024-01-01", "수시", "공과대학", 23, 4, 1, 2025230001, "제적"),
("901010-1234590", "정소희", "JEONG", "여", "한국", "010-4567-8901", "xxx@naver.com", "12368", "수원시 팔달구", "132호", "2024-01-01", "2024-01-01", "정시", "공과대학", 24, 2, 2, 2025240001, "자퇴"),
("901010-1234591", "문서윤", "MOON", "남", "한국", "010-5678-9012", "yyy@naver.com", "12369", "성남시 분당구", "133호", "2024-01-01", "2024-01-01", "수시", "공과대학", 25, 3, 1, 2025250001, "휴학중"),
("901010-1234592", "최준성", "CHOI", "남", "한국", "010-6789-0123", "zzz@naver.com", "12370", "용인시 수지구", "134호", "2024-01-01", "2024-01-01", "정시", "공과대학", 26, 3, 2, 2025260001, "재학중"),
("901010-1234593", "김진우", "KIM", "남", "한국", "010-7890-1234", "aaaa@naver.com", "12371", "고양시 일산서구", "135호", "2024-01-01", "2024-01-01", "수시", "공과대학", 27, 3, 1, 2025270001, "재학중"),
("901010-1234594", "박하진", "PARK", "여", "한국", "010-8901-2345", "bbbb@naver.com", "12372", "화성시 동탄", "136호", "2023-02-02", "2024-01-01", "정시", "사범대학", 28, 3, 2, 2025280001, "재학중"),
("901010-1234595", "이서영", "LEE", "여", "한국", "010-9012-3456", "cccc@naver.com", "12373", "남양주시 별내", "137호", "2023-02-02", "2024-01-01", "수시", "사범대학", 29, 3, 1, 2025290001, "졸업"),
("901010-1234596", "정지우", "JEONG", "여", "한국", "010-0123-4567", "dddd@naver.com", "12374", "안양시 동안구", "138호", "2023-02-02", "2024-01-01", "정시", "사범대학", 30, 3, 2, 2025300001, "재학중"),
("901010-1234597", "문지호", "MOON", "남", "한국", "010-1234-5678", "eeee@naver.com", "12375", "평택시", "139호", "2023-02-02", "2023-02-02", "수시", "사범대학", 31, 4, 1, 2025310001, "제적"),
("901010-1234598", "최민정", "CHOI", "여", "한국", "010-2345-6789", "ffff@naver.com", "12376", "파주시", "140호", "2023-02-02", "2023-02-02", "정시", "사범대학", 32, 2, 2, 2025320001, "자퇴"),
("901010-1234599", "김준서", "KIM", "남", "한국", "010-3456-7890", "gggg@naver.com", "12377", "김포시", "141호", "2023-02-02", "2023-02-02", "수시", "사범대학", 33, 3, 1, 2025330001, "휴학중"),
("901010-1234600", "박서현", "PARK", "여", "한국", "010-4567-8901", "hhhh@naver.com", "12378", "화성시", "142호", "2023-02-02", "2023-02-02", "정시", "사범대학", 34, 4, 2, 2025340001, "재학중"),
("901010-1234601", "이윤지", "LEE", "남", "한국", "010-5678-9012", "iiii@naver.com", "12379", "남양주시", "143호", "2023-02-02", "2024-01-01", "수시", "사범대학", 35, 4, 1, 2025350001, "재학중"),
("901010-1234602", "정예준", "JEONG", "남", "한국", "010-6789-0123", "jjjj@naver.com", "12380", "성남시", "144호", "2023-02-02", "2024-01-01", "정시", "사범대학", 36, 2, 2, 2025360001, "졸업"),
("901010-1234603", "문하늘", "MOON", "여", "한국", "010-7890-1234", "kkkk@naver.com", "12381", "수원시", "145호", "2023-02-02", "2024-01-01", "수시", "대학원", 37, 3, 1, 2025370001, "재학중"),
("901010-1234604", "최은우", "CHOI", "남", "한국", "010-8901-2345", "llll@naver.com", "12382", "안양시", "146호", "2023-02-02", "2024-01-01", "정시", "대학원", 38, 2, 2, 2025380001, "졸업"),
("901010-1234605", "김서준", "KIM", "남", "한국", "010-9012-3456", "mmmm@naver.com", "12383", "의정부시", "147호", "2023-02-02", "2024-01-01", "수시", "대학원", 39, 2, 1, 2025390001, "재학중"),
("901010-1234606", "박민서", "PARK", "여", "한국", "010-0123-4567", "nnnn@naver.com", "12384", "고양시", "148호", "2023-02-02", "2023-02-02", "정시", "대학원", 40, 4, 2, 2025400001, "졸업"),
("901010-1234607", "이하윤", "LEE", "여", "한국", "010-1234-5678", "oooo@naver.com", "12385", "광명시", "149호", "2023-02-02", "2023-02-02", "수시", "대학원", 41, 2, 1, 2025410001, "재학중"),
			("901010-1234576", "신서아", "SHIN", "여", "한국", "010-0123-4567", "jjj@naver.com", "12354", "용인시 수지구", "108호", "2022-02-02", "2024-01-01", "정시", "인문사회대학", 10, 2, 2, 2025100001, "휴학중"),
			("901010-1234576", "김서아", "SHIN", "여", "한국", "010-0123-4567", "jjj@naver.com", "12354", "용인시 수지구", "108호", "2022-02-02", "2024-01-01", "정시", "인문사회대학", 10, 2, 2, 2025100001, "재학중"),
			("901010-1234576", "이서아", "SHIN", "여", "한국", "010-0123-4567", "jjj@naver.com", "12354", "용인시 수지구", "108호", "2022-02-02", "2024-01-01", "정시", "인문사회대학", 10, 2, 2, 2025100001, "자퇴"),
			("901010-1234576", "정서아", "SHIN", "여", "한국", "010-0123-4567", "jjj@naver.com", "12354", "용인시 수지구", "108호", "2022-02-02", "2024-01-01", "정시", "인문사회대학", 10, 2, 2, 2025100001, "제적"),
			("901010-1234576", "박서아", "SHIN", "여", "한국", "010-0123-4567", "jjj@naver.com", "12354", "용인시 수지구", "108호", "2022-02-02", "2024-01-01", "정시", "인문사회대학", 10, 2, 2, 2025100001, "졸업"),
			("901010-1234576", "조서아", "SHIN", "여", "한국", "010-0123-4567", "jjj@naver.com", "12354", "용인시 수지구", "108호", "2022-02-02", "2024-01-01", "정시", "인문사회대학", 10, 2, 2, 2025100001, "휴학중"),
			("901010-1234576", "유서아", "SHIN", "여", "한국", "010-0123-4567", "jjj@naver.com", "12354", "용인시 수지구", "108호", "2022-02-02", "2024-01-01", "정시", "인문사회대학", 10, 2, 2, 2025100001, "휴학중"),
			("901010-1234576", "홍서아", "SHIN", "여", "한국", "010-0123-4567", "jjj@naver.com", "12354", "용인시 수지구", "108호", "2022-02-02", "2024-01-01", "정시", "인문사회대학", 10, 2, 2, 2025100001, "휴학중"),
			("901010-1234576", "백서아", "SHIN", "여", "한국", "010-0123-4567", "jjj@naver.com", "12354", "용인시 수지구", "108호", "2022-02-02", "2024-01-01", "정시", "인문사회대학", 10, 2, 2, 2025100001, "휴학중"),
			("901010-1234576", "주서아", "SHIN", "여", "한국", "010-0123-4567", "jjj@naver.com", "12354", "용인시 수지구", "108호", "2022-02-02", "2024-01-01", "정시", "인문사회대학", 10, 2, 2, 2025100001, "휴학중"),
			("901010-1234576", "조서아", "SHIN", "여", "한국", "010-0123-4567", "jjj@naver.com", "12354", "용인시 수지구", "108호", "2022-02-02", "2024-01-01", "정시", "인문사회대학", 10, 2, 2, 2025100001, "휴학중");
    
/* 강의 데이터 삽입 */
/*강의 테이블
과목코드(자동생성), 
개설대학, 개설학과(FK), 개설학년, 학기, 학점, 
이수구분, 담당교수(FK), 강의명, 강의설명, 수업기간, 수업시간, 종료시간 수업요일, 
평가방식, 교재, 강의실, 최대수강인원*/

SELECT * FROM course;
SELECT * FROM student;
SELECT * FROM professor;
SELECT * FROM department;
DELETE FROM course WHERE s_id = " ";
 /* 시퀀스 포함 초기화*/
 TRUNCATE TABLE course;
 SET FOREIGN_KEY_CHECKS = 0;
 SELECT @@FOREIGN_KEY_CHECKS;
 
INSERT INTO course 
	(college, department_id, grade, semester, credit,
	completion_type, professor, course_name, course_desc, class_period, class_time, end_time, class_day, 
	evaluation_method, textbook, classroom, max_capacity) 
	VALUES
	("인문사회대학", 1, 1, 1, 2,     "전공필수", 2025010001, "인류사1", "인류의 역사를 배워보자", "2025-09-10", "오전 10:00", "오전 11:00", "월",    "교수 재량", "숨마쿰라우데", "인문관 101호", 30),
    ("인문사회대학", 1, 1, 1, 2,     "전공필수", 2025010001, "한국사", "한국의 역사를 배워보자", "2025-09-10", "오후 12:00", "오후 13:00", "월",    "교수 재량", "숨마쿰라우데", "인문관 101호", 30),
    ("인문사회대학", 1, 1, 2, 2,     "전공필수", 2025010002, "인류사2", "인류의 역사를 배워보자", "2025-09-10", "오전 10:00", "오전 11:00", "월",    "교수 재량", "숨마쿰라우데", "인문관 101호", 30),
    ("자연과학대학", 13, 2, 1, 3, "전공선택", 2025130001, "물리학개론", "맞으면서 배우는 물리", "2025-09-10", "오전 10:00", "오전 11:00", "월", "교수 재량", "한마바키", "공학관 101호", 30),
    ("공과대학", 22, 3, 2, 3, "교양필수", 2025220001, "교양 JAVA", "교양으로 배우는 JAVA", "2025-09-10", "오전 10:00", "오전 11:00", "월", "교수 재량", "don't do JAVA", "지하연구실 3101호", 30),
    ("사범대학", 28, 1, 1, 2, "교양선택", 2025280001, "육은영의 아동교육", "육은영과 함께 배워요", "2025-09-10", "오전 10:00", "오전 11:00", "월", "교수 재량", "없음", "연병장", 30),
    ("대학원", 37, 1, 1, 3, "교양선택", 2025370001, "근대 조선과 대한민국의 행정 체계 비교", "제곧내", "2025-09-10", "오전 10:00", "오전 11:00", "월", "교수 재량", "없음", "인문대학원 601호", 30);




/* 성적 데이터 삽입 */
/*성적 테이블
순서(자동 AI)
학번, 과목코드, 백분위점수, 등급, 점수*/

SELECT * FROM grade;
SELECT * FROM student;
SELECT * FROM course;
DELETE FROM grade WHERE s_id = " ";
 /* 시퀀스 포함 초기화*/
 TRUNCATE TABLE grade;
 

INSERT INTO grade (student_s_id, c_code, per_score, c_rank, score) 
	VALUES
	(2025010001, 202501010001, 99.0, "A+", 4.5),
    (2025010001, 202501010002, 90.0, "A", 4.0),
    (2025010001, 202501020001, 85.0, "B+", 3.5),
    (2025010001, 202513010001, 80.0, "B", 3.0),
    (2025010001, 202522020001, null, null, null),
    (2025010001, 202528010001, null, null, null);
    

/* 수강신청 데이터 삽입 */



/* 게시판 데이터 삽입 */
/* 게시판 테이블alter
(글번호||자동) // ( * || 자동) = 자동으로 작성됨, (*) = NULL 허용
분류, 글제목, 글내용, 작성자 종류, 작성자id, (글작성일자, 글수정일자, 조회수 || 자동 작성),
(뉴스/칼럼구분), (비밀글여부 || 자동), (답변상태, 답변내용)
*/
INSERT INTO cboard 
	(category, title, content, writer_type, writer_id)
	value
    ("notice", "김민철의 호소문", "git add . 하면 안됩니다", "student", 2025010001);



/* 유저 데이터 삽입 */
/*
회원아이디, 비번, 이름, 폰번호, 이메일, (우편, 기본, 상세), (가입일시 || 자동)
*/
INSERT INTO uuser 
	(u_id, pass, uname, phone, email)
	value
    ("green02", "green02!", "김그린", "010-1234-5670", "kim@green.com");
    

select * from college;
select * from department;
SELECT * FROM course;
SELECT * FROM profesprofessorsor;
SELECT * FROM student;
select * from uuser;
SELECT * FROM grade;
select * from cboard_comment;
select * from cboard;
select * from cboard_file;
select * from fnq;