/* 대학 테이블 생성 || 대학명, 대학영문명, 대학 소개 제목, 대학 소개 내용, 소개 이미지 */
SELECT * FROM COLLEGE;
DELETE FROM college WHERE college = " ";
INSERT INTO college (COLLEGE, COLLEGE_ENG_NAME, INTRO_TITLE, INTRO_CONTENT)
	VALUES ("인문사회대학", "HUMANITIES AND SOCIAL SCIENCES", "인문대 짱짱", "인문대는 못하는 게 뭘까"),
			("자연과학대학","NUATURAL SCIENCES","자연대 짱짱","문과가 더 좋습니다"),
            ("공과대학", "ENGINEERING", "공공공대대대", "NOT FOUND 404"),
            ("사범대학", "EDUCATION", "미래를 움직이는 사범대", "NOT FOUND 404"),
            ("대학원", "GRADUATE SCHOOL", "죄지은 학부생의 말로", "그 날 발표하지 말았어야 했다.");

/* 학과 테이블 생성 || 학과번호, 단과대학, 학과명, 영문명, 설립연도, 학과장, 학과 연락처, 학과 사무실*/
/* 학과장은 나중에 MODIFY로 추가할 것임(FK와 생성순서 문제) */
/* 자료없음 생략 컬럼: 학과 사무실 */
SELECT * FROM department;
DELETE FROM department WHERE department_id = "2";
 /* 시퀀스 포함 초기화*/
 TRUNCATE TABLE department;

INSERT INTO department (college, department_name, department_eng_name, founded_year, contact_phone)
	VALUES ("인문사회대학", "국어국문학과", "KOR", "2025", "051-123-1001"),
			("인문사회대학", "영어영문학과", "ENG", "2025", "051-123-1002"),
            ("인문사회대학", "일어일문학과", "JAP", "2025", "051-123-1003"),
            ("인문사회대학", "중어중문학과", "CHI", "2025", "051-123-1004"),
            ("인문사회대학", "역사학과", "HIS", "2025", "051-123-1005"),
            ("인문사회대학", "경제학과", "ECO", "2025", "051-123-1006"),
            ("인문사회대학", "법학과", "ROW", "2025", "051-123-1007"),
            ("인문사회대학", "철학과", "DEM", "2025", "051-123-1008"),
            ("인문사회대학", "정치외교학과", "POL", "2025", "051-123-1009"),
            ("인문사회대학", "행정학과", "ADM", "2025", "051-123-1010"),
            ("인문사회대학", "사회복지학과", "SOC", "2025", "051-123-1011"),
            ("인문사회대학", "유아교육학과", "EDU", "2025", "051-123-1012"),
			("자연과학대학", "수학과", "AAA", "2025", "051-123-2001"),
			("자연과학대학", "물리학과", "BBB", "2025", "051-123-2002"),
            ("자연과학대학", "화학과", "CCC", "2025", "051-123-2003"),
            ("자연과학대학", "천문학과", "DDD", "2025", "051-123-2004"),
            ("자연과학대학", "지구과학학과", "EEE", "2025", "051-123-2005"),
            ("자연과학대학", "생명과학과", "FFF", "2025", "051-123-2006"),
            ("자연과학대학", "미생물학과", "GGG", "2025", "051-123-2007"),
            ("자연과학대학", "해양학과", "HHH", "2025", "051-123-2008"),
            ("공과대학", "기계공학과", "AAA", "2025", "051-123-3001"),
			("공과대학", "전자공학과", "BBB", "2025", "051-123-3002"),
            ("공과대학", "전기공학과", "CCC", "2025", "051-123-3003"),
            ("공과대학", "컴퓨터공학과", "DDD", "2025", "051-123-3004"),
            ("공과대학", "건축공학과", "EEE", "2025", "051-123-3005"),
            ("공과대학", "재료공학과", "FFF", "2025", "051-123-3006"),
            ("공과대학", "화학공학과", "GGG", "2025", "051-123-3007"),
            ("사범대학", "국어교육학과", "AAA", "2025", "051-123-4001"),
			("사범대학", "영어교육학과", "BBB", "2025", "051-123-4002"),
            ("사범대학", "수학교육학과", "CCC", "2025", "051-123-4003"),
            ("사범대학", "윤리학과", "DDD", "2025", "051-123-4004"),
            ("사범대학", "교육학과", "EEE", "2025", "051-123-4005"),
            ("사범대학", "사회교육과", "FFF", "2025", "051-123-4006"),
            ("사범대학", "역사교육과", "GG", "2025", "051-123-4007"),
            ("사범대학", "체육교육과", "HH", "2025", "051-123-4008"),
            ("사범대학", "특수교육과", "II", "2025", "051-123-4009"),
            ("대학원", "경영대학원", "AA", "2025", "051-123-5001"),
			("대학원", "경제대학원", "BB", "2025", "051-123-5002"),
            ("대학원", "행정대학원", "CC", "2025", "051-123-5003"),
            ("대학원", "교육대학원", "DD", "2025", "051-123-5004"),
            ("대학원", "산업대학원", "EE", "2025", "051-123-5005");    



/* 교수 테이블 생성  */
/*교수번호
주민등록번호, 이름, 영문명, 성별, 국적, 
휴대폰, 이메일, 우편번호, 기본주소, 상세주소, 졸업대학, 학문 분야, 
졸업일, 학위, 담당대학, 담당학과, 임용일*/

SELECT * FROM professor;
DELETE FROM professor WHERE p_id = " ";
 /* 시퀀스 포함 초기화*/
 TRUNCATE TABLE professor;
 

INSERT INTO professor (
    id_num, name, e_name, gender, country, phone,
    email, postal_code, addr, detail_addr, graduated_university, academic_field,
    graduation_date, degree, college_in_charge, department, hire_date
) VALUES
('900103-1234567', '홍길동', 'HONG', '남', '한국', '010-1234-5678', 'aaa@naver.com', '12345', '부산시 중앙대로 123', '범향빌딩 4F', '그린대', '컴공', '2020-01-01', '정교수', '인문사회대학', '1', '2025-01-01'),
('900103-1234568', '김철수', 'KIM', '남', '한국', '010-2345-6789', 'bbb@naver.com', '12346', '서울시 강남구', 'ABC빌딩', '그린대', '컴공', '2020-01-02', '정교수', '인문사회대학', '2', '2025-01-02'),
('900103-1234569', '이영희', 'LEE', '여', '한국', '010-3456-7890', 'ccc@naver.com', '12347', '부산시 해운대구', 'XYZ빌딩', '그린대', '컴공', '2020-01-03', '부교수', '인문사회대학', '3', '2025-01-03'),
('900103-1234570', '박민지', 'PARK', '여', '한국', '010-4567-8901', 'ddd@naver.com', '12348', '대구시 달서구', 'DEF빌딩', '그린대', '컴공', '2020-01-04', '부교수', '인문사회대학', '4', '2025-01-04'),
('900103-1234571', '최준호', 'CHOI', '남', '한국', '010-5678-9012', 'eee@naver.com', '12349', '울산시 남구', 'GHI빌딩', '그린대', '컴공', '2020-01-05', '조교수', '인문사회대학', '5', '2025-01-05'),
('900103-1234572', '한아름', 'HAN', '여', '한국', '010-6789-0123', 'fff@naver.com', '12350', '광주시 서구', 'JKL빌딩', '그린대', '컴공', '2020-01-06', '조교수', '인문사회대학', '6', '2025-01-06'),
('900103-1234573', '윤서준', 'YUN', '남', '한국', '010-7890-1234', 'ggg@naver.com', '12351', '대전시 유성구', 'MNO빌딩', '그린대', '컴공', '2020-01-07', '정교수', '인문사회대학', '7', '2025-01-07'),
('900103-1234574', '서지우', 'SEO', '여', '한국', '010-8901-2345', 'hhh@naver.com', '12352', '인천시 남동구', 'PQR빌딩', '그린대', '컴공', '2020-01-08', '정교수', '인문사회대학', '8', '2025-01-08'),
('900103-1234575', '강도현', 'KANG', '남', '한국', '010-9012-3456', 'iii@naver.com', '12353', '수원시 팔달구', 'STU빌딩', '그린대', '컴공', '2020-01-09', '부교수', '인문사회대학', '9', '2025-01-09'),
('900103-1234576', '신재이', 'SHIN', '여', '한국', '010-0123-4567', 'jjj@naver.com', '12354', '성남시 분당구', 'VWX빌딩', '그린대', '컴공', '2020-01-10', '부교수', '인문사회대학', '10', '2025-01-10'),
('900103-1234577', '오지훈', 'OH', '남', '한국', '010-1234-5678', 'kkk@naver.com', '12355', '용인시 수지구', 'YZA빌딩', '그린대', '컴공', '2020-01-11', '조교수', '인문사회대학', '11', '2025-01-11'),
('900103-1234578', '전가람', 'JEON', '여', '한국', '010-2345-6789', 'lll@naver.com', '12356', '고양시 일산서구', 'BCD빌딩', '그린대', '컴공', '2020-01-12', '조교수', '인문사회대학', '12', '2025-01-12'),
('900103-1234579', '황준서', 'HWANG', '남', '한국', '010-3456-7890', 'mmm@naver.com', '12357', '화성시 동탄', 'EFG빌딩', '그린대', '컴공', '2020-01-13', '정교수', '자연과학대학', '13', '2025-01-13'),
('900103-1234580', '문소정', 'MOON', '여', '한국', '010-4567-8901', 'nnn@naver.com', '12358', '남양주시 별내', 'HIJ빌딩', '그린대', '컴공', '2020-01-14', '정교수', '자연과학대학', '14', '2025-01-14'),
('900103-1234581', '안재민', 'AHN', '남', '한국', '010-5678-9012', 'ooo@naver.com', '12359', '의정부시', 'KLM빌딩', '그린대', '컴공', '2020-01-15', '부교수', '자연과학대학', '15', '2025-01-15'),
('900103-1234582', '구지윤', 'KOO', '여', '한국', '010-6789-0123', 'ppp@naver.com', '12360', '안양시 동안구', 'NOP빌딩', '그린대', '컴공', '2020-01-16', '부교수', '자연과학대학', '16', '2025-01-16'),
('900103-1234583', '정성민', 'JEONG', '남', '한국', '010-7890-1234', 'qqq@naver.com', '12361', '평택시', 'QRS빌딩', '그린대', '컴공', '2020-01-17', '조교수', '자연과학대학', '17', '2025-01-17'),
('900103-1234584', '류다정', 'RYU', '여', '한국', '010-8901-2345', 'rrr@naver.com', '12362', '시흥시', 'TUV빌딩', '그린대', '컴공', '2020-01-18', '조교수', '자연과학대학', '18', '2025-01-18'),
('900103-1234585', '배건우', 'BAE', '남', '한국', '010-9012-3456', 'sss@naver.com', '12363', '파주시', 'WXY빌딩', '그린대', '컴공', '2020-01-19', '정교수', '자연과학대학', '19', '2025-01-19'),
('900103-1234586', '장서연', 'JANG', '여', '한국', '010-0123-4567', 'ttt@naver.com', '12364', '김포시', 'ZAB빌딩', '그린대', '컴공', '2020-01-20', '정교수', '자연과학대학', '20', '2025-01-20'),
('900103-1234587', '김민재', 'KIM', '남', '한국', '010-1234-5678', 'uuu@naver.com', '12365', '용인시 기흥구', 'CDE빌딩', '그린대', '컴공', '2020-01-21', '부교수', '공과대학', '21', '2025-01-21'),
('900103-1234588', '박서윤', 'PARK', '여', '한국', '010-2345-6789', 'vvv@naver.com', '12366', '구리시', 'FGH빌딩', '그린대', '컴공', '2020-01-22', '부교수', '공과대학', '22', '2025-01-22'),
('900103-1234589', '이도윤', 'LEE', '남', '한국', '010-3456-7890', 'www@naver.com', '12367', '하남시', 'IJK빌딩', '그린대', '컴공', '2020-01-23', '조교수', '공과대학', '23', '2025-01-23'),
('900103-1234590', '정하은', 'JEONG', '여', '한국', '010-4567-8901', 'xxx@naver.com', '12368', '과천시', 'LMN빌딩', '그린대', '컴공', '2020-01-24', '조교수', '공과대학', '24', '2025-01-24'),
('900103-1234591', '문승우', 'MOON', '남', '한국', '010-5678-9012', 'yyy@naver.com', '12369', '광명시', 'OPQ빌딩', '그린대', '컴공', '2020-01-25', '정교수', '공과대학', '25', '2025-01-25'),
('900103-1234592', '최유진', 'CHOI', '여', '한국', '010-6789-0123', 'zzz@naver.com', '12370', '군포시', 'RST빌딩', '그린대', '컴공', '2020-01-26', '정교수', '공과대학', '26', '2025-01-26'),
('900103-1234593', '김우진', 'KIM', '남', '한국', '010-7890-1234', 'aaaa@naver.com', '12371', '안산시 단원구', 'UVW빌딩', '그린대', '컴공', '2020-01-27', '부교수', '공과대학', '27', '2025-01-27'),
('900103-1234594', '박지은', 'PARK', '여', '한국', '010-8901-2345', 'bbbb@naver.com', '12372', '의왕시', 'XYZ빌딩', '그린대', '컴공', '2020-01-28', '부교수', '사범대학', '28', '2025-01-28'),
('900103-1234595', '이재훈', 'LEE', '남', '한국', '010-9012-3456', 'cccc@naver.com', '12373', '고양시 덕양구', 'ABA빌딩', '그린대', '컴공', '2020-01-29', '조교수', '사범대학', '29', '2025-01-29'),
('900103-1234596', '정민서', 'JEONG', '여', '한국', '010-0123-4567', 'dddd@naver.com', '12374', '시흥시', 'BCB빌딩', '그린대', '컴공', '2020-01-30', '조교수', '사범대학', '30', '2025-01-30'),
('900103-1234597', '문현수', 'MOON', '남', '한국', '010-1234-5678', 'eeee@naver.com', '12375', '김포시', 'CDC빌딩', '그린대', '컴공', '2020-01-31', '정교수', '사범대학', '31', '2025-01-31'),
('900103-1234598', '최은서', 'CHOI', '여', '한국', '010-2345-6789', 'ffff@naver.com', '12376', '파주시', 'EDE빌딩', '그린대', '컴공', '2020-02-01', '정교수', '사범대학', '32', '2025-02-01'),
('900103-1234599', '김민준', 'KIM', '남', '한국', '010-3456-7890', 'gggg@naver.com', '12377', '화성시', 'FGF빌딩', '그린대', '컴공', '2020-02-02', '부교수', '사범대학', '33', '2025-02-02'),
('900103-1234600', '박시윤', 'PARK', '여', '한국', '010-4567-8901', 'hhhh@naver.com', '12378', '남양주시', 'GHG빌딩', '그린대', '컴공', '2020-02-03', '부교수', '사범대학', '34', '2025-02-03'),
('900103-1234601', '이서진', 'LEE', '남', '한국', '010-5678-9012', 'iiii@naver.com', '12379', '용인시', 'IJI빌딩', '그린대', '컴공', '2020-02-04', '조교수', '사범대학', '35', '2025-02-04'),
('900103-1234602', '정수민', 'JEONG', '여', '한국', '010-6789-0123', 'jjjj@naver.com', '12380', '성남시', 'JKJ빌딩', '그린대', '컴공', '2020-02-05', '조교수', '사범대학', '36', '2025-02-05'),
('900103-1234603', '문소연', 'MOON', '여', '한국', '010-7890-1234', 'kkkk@naver.com', '12381', '수원시', 'KLK빌딩', '그린대', '컴공', '2020-02-06', '정교수', '대학원', '37', '2025-02-06'),
('900103-1234604', '최민준', 'CHOI', '남', '한국', '010-8901-2345', 'llll@naver.com', '12382', '안양시', 'LML빌딩', '그린대', '컴공', '2020-02-07', '정교수', '대학원', '38', '2025-02-07'),
('900103-1234605', '김재민', 'KIM', '남', '한국', '010-9012-3456', 'mmmm@naver.com', '12383', '의정부시', 'MNM빌딩', '그린대', '컴공', '2020-02-08', '부교수', '대학원', '39', '2025-02-08'),
('900103-1234606', '박은서', 'PARK', '여', '한국', '010-0123-4567', 'nnnn@naver.com', '12384', '고양시', 'NON빌딩', '그린대', '컴공', '2020-02-09', '부교수', '대학원', '40', '2025-02-09'),
('900103-1234607', '이서준', 'LEE', '남', '한국', '010-1234-5678', 'oooo@naver.com', '12385', '광명시', 'OPO빌딩', '그린대', '컴공', '2020-02-10', '조교수', '대학원', '41', '2025-02-10');


/* 학생 테이블 생성 */
/* 강의 테이블 생성 */
/* 성적 테이블 생성 */

select * from course;